id,name,model_id:id,group_id:id,perm_read,perm_write,perm_create,perm_unlink
acceso_administrador_encuesta,Acceso Administrador Encuesta,model_aplicacion_incidencias_encuesta,grupo_administrador,1,1,1,1
acceso_participante_encuesta,Acceso Participante Encuesta,model_aplicacion_incidencias_encuesta,grupo_participante,1,1,0,0
acceso_administrador_incidencia,Acceso Administrador Incidencia,model_aplicacion_incidencias_incidencia,grupo_administrador,1,1,1,1
acceso_participante_incidencia,Acceso Participante Incidencia,model_aplicacion_incidencias_incidencia,grupo_participante,1,0,1,0
acceso_administrador_comentario,Acceso Administrador Comentario,model_aplicacion_incidencias_comentario,grupo_administrador,1,1,1,1
acceso_participante_comentario,Acceso Participante Comentario,model_aplicacion_incidencias_comentario,grupo_participante,1,1,1,0
acceso_administrador_adjunto,Acceso Administrador Adjunto,model_aplicacion_incidencias_adjunto,grupo_administrador,1,1,1,1
acceso_participante_adjunto,Acceso Participante Adjunto,model_aplicacion_incidencias_adjunto,grupo_participante,1,1,0,0
acceso_administrador_estadisticas,Acceso Administrador Estadísticas,model_aplicacion_incidencias_estadisticas,grupo_administrador,1,1,1,1
acceso_participante_estadisticas,Acceso Participante Estadísticas,model_aplicacion_incidencias_estadisticas,grupo_participante,1,0,0,0